Data,Hora,Press Atm,Temp1,Temp2,Temp Int,Umidade Ar,Umidade Ar Int,Rad Solar W/m2,Rad Total Solar W/m2,Rad Total Solar KJ/m2,Velocidade Vento,Direção Vento,Precipitação,Tensão Sistema
29_07_2022,12:50:17,1013.1,28.9,28.3,31.3,72.0,67.0,821.0,98259.0,1896.0,1.5,117.0,0.0,13.9
29_07_2022,12:50:21,1013.1,28.9,28.3,31.3,72.0,67.0,821.0,98259.0,1896.0,1.9,163.0,0.0,13.9
29_07_2022,12:50:31,1013.1,28.9,28.3,31.3,72.0,67.0,801.0,99060.0,1944.0,3.1,170.0,0.0,13.9
29_07_2022,12:51:01,1013.1,28.9,28.3,31.3,72.0,67.0,754.0,1349.0,2081.0,2.3,162.0,0.0,13.9
29_07_2022,12:51:31,1013.1,28.9,28.3,31.3,71.0,67.0,773.0,3653.0,2219.0,1.6,140.0,0.0,13.9
29_07_2022,12:52:01,1013.1,29.0,28.3,31.3,71.0,67.0,810.0,6073.0,2364.0,2.5,135.0,0.0,13.9
29_07_2022,12:52:32,1013.1,29.0,28.3,31.3,72.0,67.0,852.0,8571.0,2514.0,2.4,128.0,0.0,13.9
29_07_2022,12:53:02,1013.1,29.1,28.3,31.3,71.0,67.0,875.0,11155.0,2669.0,3.9,127.0,0.0,13.9
29_07_2022,12:53:32,1013.1,29.1,28.3,31.3,72.0,67.0,888.0,13821.0,2829.0,2.5,151.0,0.0,13.9
29_07_2022,12:54:02,1013.1,29.2,28.3,31.3,72.0,67.0,886.0,16483.0,2989.0,1.1,191.0,0.0,13.9
29_07_2022,12:54:32,1013.1,29.3,28.3,31.3,71.0,67.0,876.0,19121.0,3147.0,3.2,185.0,0.0,13.9
29_07_2022,12:55:02,1013.1,29.3,28.3,31.3,70.0,67.0,867.0,21730.0,3304.0,0.7,298.0,0.0,13.9
29_07_2022,12:55:32,1013.1,29.3,28.3,31.3,70.0,67.0,855.0,24311.0,3459.0,6.6,122.0,0.0,13.9
29_07_2022,12:57:17,1013.1,29.0,28.3,31.3,70.0,67.0,642.0,31973.0,3918.0,1.7,203.0,0.0,13.9
29_07_2022,12:57:20,1013.1,29.0,28.3,31.3,70.0,67.0,642.0,31973.0,3918.0,3.0,195.0,0.0,13.9
29_07_2022,12:59:17,1013.1,28.7,28.3,31.3,73.0,67.0,835.0,41659.0,4500.0,2.2,146.0,0.0,14.0
29_07_2022,12:59:20,1013.1,28.7,28.3,31.3,73.0,67.0,835.0,41659.0,4500.0,2.2,63.0,0.0,14.0
29_07_2022,13:01:17,1013.0,28.9,28.4,31.3,72.0,67.0,820.0,51546.0,5093.0,1.4,155.0,0.0,13.9
29_07_2022,13:01:21,1013.0,28.9,28.4,31.3,72.0,67.0,820.0,51546.0,5093.0,3.1,171.0,0.0,13.9
29_07_2022,13:15:29,1012.7,28.5,28.5,31.1,72.0,68.0,796.0,32524.0,1951.0,6.0,155.0,0.0,13.9
29_07_2022,13:15:35,1012.7,28.5,28.5,31.1,72.0,68.0,796.0,33321.0,1999.0,5.0,145.0,0.0,13.9
29_07_2022,13:15:37,1012.7,28.5,28.5,31.1,72.0,68.0,796.0,33321.0,1999.0,5.0,145.0,0.0,13.9
29_07_2022,13:15:39,1012.7,28.5,28.5,31.1,72.0,68.0,796.0,33321.0,1999.0,2.8,156.0,0.0,13.9
29_07_2022,13:15:41,1012.7,28.5,28.5,31.1,72.0,68.0,796.0,33321.0,1999.0,2.8,156.0,0.0,13.9
29_07_2022,13:15:43,1012.7,28.5,28.5,31.1,72.0,68.0,796.0,34116.0,2047.0,3.0,150.0,0.0,13.9
29_07_2022,13:15:45,1012.7,28.5,28.5,31.1,72.0,68.0,796.0,34116.0,2047.0,3.0,150.0,0.0,13.9
29_07_2022,13:15:47,1012.7,28.5,28.5,31.1,72.0,68.0,796.0,34116.0,2047.0,3.0,150.0,0.0,13.9
29_07_2022,13:15:50,1012.7,28.5,28.5,31.1,72.0,68.0,796.0,34116.0,2047.0,3.7,113.0,0.0,13.9
29_07_2022,13:16:29,1012.7,28.4,28.5,31.0,73.0,68.0,795.0,37296.0,2238.0,3.6,123.0,0.0,13.9
29_07_2022,13:17:17,1012.7,28.4,28.5,31.0,73.0,68.0,794.0,41269.0,2476.0,1.3,0.0,0.0,13.9
29_07_2022,13:17:20,1012.7,28.4,28.5,31.0,73.0,68.0,794.0,41269.0,2476.0,1.2,111.0,0.0,13.9
29_07_2022,13:17:29,1012.7,28.4,28.5,31.0,73.0,68.0,793.0,42062.0,2524.0,0.9,145.0,0.0,13.9
29_07_2022,13:18:29,1012.7,28.5,28.5,31.0,74.0,68.0,799.0,46840.0,2810.0,0.0,45.0,0.0,14.1
29_07_2022,13:19:17,1012.6,28.6,28.5,31.0,74.0,68.0,801.0,50842.0,3050.0,1.8,114.0,0.0,13.9
29_07_2022,13:19:20,1012.6,28.6,28.5,31.0,74.0,68.0,801.0,50842.0,3050.0,1.4,144.0,0.0,13.9
29_07_2022,13:19:29,1012.6,28.6,28.5,31.0,74.0,68.0,802.0,51644.0,3099.0,1.5,149.0,0.0,13.9
29_07_2022,13:21:17,1012.7,29.0,28.6,30.9,73.0,68.0,814.0,60528.0,3632.0,2.7,136.0,0.0,13.9
29_07_2022,13:21:25,1012.7,29.0,28.6,30.9,73.0,68.0,816.0,61344.0,3681.0,4.5,144.0,0.0,13.9
29_07_2022,13:23:17,1012.6,28.9,28.6,30.9,72.0,68.0,833.0,70458.0,4227.0,3.9,173.0,0.0,13.9
29_07_2022,13:23:20,1012.6,28.9,28.6,30.9,72.0,68.0,833.0,70458.0,4227.0,3.3,150.0,0.0,13.9
29_07_2022,13:25:17,1012.6,28.6,28.6,30.9,73.0,68.0,692.0,79859.0,4792.0,4.3,171.0,0.0,14.0
29_07_2022,13:25:20,1012.6,28.6,28.6,30.9,73.0,68.0,692.0,79859.0,4792.0,2.7,188.0,0.0,14.0
29_07_2022,13:27:17,1012.6,28.4,28.6,30.9,74.0,68.0,501.0,86765.0,5206.0,3.1,181.0,0.0,14.0
29_07_2022,13:27:20,1012.6,28.4,28.6,30.9,74.0,68.0,501.0,86765.0,5206.0,4.8,110.0,0.0,14.0
29_07_2022,13:29:17,1012.6,28.2,28.6,30.9,75.0,68.0,313.0,91750.0,5505.0,1.4,166.0,0.0,14.0
29_07_2022,13:29:20,1012.6,28.2,28.6,30.9,75.0,68.0,313.0,91750.0,5505.0,1.6,149.0,0.0,14.0
29_07_2022,13:31:17,1012.5,28.1,28.7,30.8,74.0,69.0,295.0,95308.0,5718.0,3.5,146.0,0.0,14.0
29_07_2022,13:31:25,1012.5,28.1,28.7,30.8,74.0,69.0,304.0,95612.0,5737.0,2.1,168.0,0.0,14.0
29_07_2022,13:33:17,1012.4,28.0,28.7,30.7,75.0,69.0,320.0,99154.0,5949.0,2.0,114.0,0.0,13.9
29_07_2022,13:33:20,1012.4,28.0,28.7,30.7,75.0,69.0,320.0,99154.0,5949.0,1.5,134.0,0.0,13.9
29_07_2022,13:35:17,1012.4,28.0,28.7,30.6,75.0,69.0,317.0,3179.0,6191.0,2.3,115.0,0.0,14.0
29_07_2022,13:35:20,1012.4,28.0,28.7,30.6,75.0,69.0,317.0,3179.0,6191.0,2.3,154.0,0.0,14.0
29_07_2022,13:37:17,1012.4,28.1,28.7,30.6,75.0,69.0,336.0,7266.0,6436.0,4.1,143.0,0.0,14.1
29_07_2022,13:37:20,1012.4,28.1,28.7,30.6,75.0,69.0,336.0,7266.0,6436.0,3.2,105.0,0.0,14.1
29_07_2022,13:39:17,1012.4,28.0,28.7,30.5,74.0,69.0,369.0,11655.0,6699.0,2.3,121.0,0.0,14.1
29_07_2022,13:39:20,1012.4,28.0,28.7,30.5,74.0,69.0,369.0,11655.0,6699.0,2.0,104.0,0.0,14.1
29_07_2022,13:41:17,1012.4,28.0,28.8,30.4,74.0,69.0,373.0,16160.0,6970.0,3.8,75.0,0.0,14.1
29_07_2022,13:41:25,1012.4,28.0,28.8,30.4,74.0,69.0,371.0,16531.0,6992.0,3.4,128.0,0.0,14.1
29_07_2022,13:43:17,1012.4,28.0,28.8,30.3,75.0,69.0,368.0,20594.0,7236.0,2.0,128.0,0.0,14.0
29_07_2022,13:43:20,1012.4,28.0,28.8,30.3,75.0,69.0,368.0,20594.0,7236.0,6.6,132.0,0.0,14.0
29_07_2022,13:45:17,1012.4,28.0,28.8,30.3,74.0,69.0,381.0,25085.0,7505.0,1.9,120.0,0.0,14.0
29_07_2022,13:45:20,1012.4,28.0,28.8,30.3,74.0,69.0,381.0,25085.0,7505.0,1.5,124.0,0.0,14.0
29_07_2022,13:47:17,1012.4,28.0,28.8,30.2,74.0,70.0,386.0,29775.0,7786.0,4.3,107.0,0.0,14.0
29_07_2022,13:47:20,1012.4,28.0,28.8,30.2,74.0,70.0,386.0,29775.0,7786.0,1.9,154.0,0.0,14.0
29_07_2022,13:49:17,1012.4,27.9,28.8,30.2,75.0,70.0,407.0,34580.0,8075.0,3.7,126.0,0.0,14.0
29_07_2022,13:49:20,1012.4,27.9,28.8,30.2,75.0,70.0,407.0,34580.0,8075.0,1.3,145.0,0.0,14.0
29_07_2022,13:51:17,1012.4,27.8,28.9,30.1,76.0,70.0,448.0,39637.0,8378.0,1.4,181.0,0.0,14.0
29_07_2022,13:51:25,1012.4,27.8,28.9,30.1,76.0,70.0,451.0,40087.0,8405.0,2.3,198.0,0.0,14.0
29_07_2022,13:53:17,1012.4,27.8,28.9,30.1,76.0,70.0,494.0,45168.0,8710.0,3.6,150.0,0.0,14.1
29_07_2022,13:53:20,1012.4,27.8,28.9,30.1,76.0,70.0,494.0,45168.0,8710.0,3.5,192.0,0.0,14.1
29_07_2022,13:55:17,1012.4,27.9,28.9,30.0,76.0,70.0,431.0,50871.0,9052.0,4.1,130.0,0.0,14.0
29_07_2022,13:55:21,1012.4,27.9,28.9,30.0,76.0,70.0,431.0,50871.0,9052.0,5.1,133.0,0.0,14.0
29_07_2022,13:57:17,1012.4,27.9,28.9,30.0,76.0,70.0,350.0,55376.0,9323.0,2.0,142.0,0.0,14.1
29_07_2022,13:57:20,1012.4,27.9,28.9,30.0,76.0,70.0,350.0,55376.0,9323.0,2.8,149.0,0.0,14.1
29_07_2022,13:59:17,1012.3,27.8,28.9,30.0,76.0,70.0,334.0,59459.0,9568.0,7.7,136.0,0.0,14.0
29_07_2022,13:59:21,1012.3,27.8,28.9,30.0,76.0,70.0,334.0,59459.0,9568.0,5.6,150.0,0.0,14.0
29_07_2022,13:59:44,1012.3,27.8,29.0,30.0,76.0,70.0,334.0,60461.0,9628.0,6.3,132.0,0.0,14.0
29_07_2022,14:00:01,1012.3,27.8,29.0,30.0,76.0,70.0,333.0,60794.0,9648.0,5.3,124.0,0.0,14.0
29_07_2022,14:00:31,1012.3,27.8,29.0,30.0,76.0,70.0,333.0,61794.0,9708.0,1.7,169.0,0.0,14.1
29_07_2022,14:01:01,1012.3,27.8,29.0,30.0,76.0,70.0,333.0,62792.0,9768.0,1.3,143.0,0.0,14.1
29_07_2022,14:01:31,1012.3,27.8,29.0,30.0,76.0,70.0,333.0,63790.0,9827.0,1.3,143.0,0.0,14.0
29_07_2022,14:02:01,1012.2,27.8,29.0,30.0,77.0,70.0,332.0,64787.0,9887.0,2.0,162.0,0.0,14.0
29_07_2022,14:02:31,1012.2,27.8,29.0,29.9,77.0,70.0,331.0,65781.0,9947.0,4.1,120.0,0.0,14.1
29_07_2022,14:03:01,1012.2,27.8,29.0,29.9,76.0,70.0,331.0,66773.0,6.0,1.9,136.0,0.0,14.1
29_07_2022,14:14:42,1012.2,27.8,29.1,29.8,77.0,70.0,284.0,10666.0,640.0,3.2,146.0,0.0,14.1
29_07_2022,14:15:00,1012.2,27.8,29.1,29.8,77.0,70.0,283.0,11233.0,674.0,1.6,177.0,0.0,14.1
29_07_2022,14:15:02,1012.2,27.8,29.1,29.8,77.0,70.0,283.0,11233.0,674.0,1.6,177.0,0.0,14.1
29_07_2022,14:15:04,1012.2,27.8,29.1,29.8,77.0,70.0,283.0,11516.0,691.0,1.9,138.0,0.0,14.0
29_07_2022,14:15:06,1012.2,27.8,29.1,29.8,77.0,70.0,283.0,11516.0,691.0,1.9,138.0,0.0,14.0
29_07_2022,14:15:08,1012.2,27.8,29.1,29.8,77.0,70.0,283.0,11516.0,691.0,1.9,138.0,0.0,14.0
29_07_2022,14:15:09,1012.2,27.8,29.1,29.8,77.0,70.0,283.0,11516.0,691.0,1.8,188.0,0.0,14.0
29_07_2022,14:15:11,1012.2,27.8,29.1,29.8,77.0,70.0,283.0,11516.0,691.0,1.8,188.0,0.0,14.0
29_07_2022,14:15:13,1012.2,27.8,29.1,29.8,77.0,70.0,282.0,11798.0,708.0,1.3,112.0,0.0,14.0
29_07_2022,14:15:15,1012.2,27.8,29.1,29.8,77.0,70.0,282.0,11798.0,708.0,1.3,112.0,0.0,14.0
29_07_2022,14:15:17,1012.2,27.8,29.1,29.8,77.0,70.0,282.0,11798.0,708.0,1.3,112.0,0.0,14.0
29_07_2022,14:15:19,1012.2,27.8,29.1,29.8,77.0,70.0,282.0,11798.0,708.0,2.1,121.0,0.0,14.0
29_07_2022,14:15:21,1012.2,27.8,29.1,29.8,77.0,70.0,282.0,11798.0,708.0,2.1,121.0,0.0,14.0
29_07_2022,14:15:23,1012.2,27.8,29.1,29.8,77.0,70.0,282.0,12080.0,725.0,1.7,127.0,0.0,14.0
29_07_2022,14:15:25,1012.2,27.8,29.1,29.8,77.0,70.0,282.0,12080.0,725.0,1.7,127.0,0.0,14.0
29_07_2022,14:15:27,1012.2,27.8,29.1,29.8,77.0,70.0,282.0,12080.0,725.0,1.7,127.0,0.0,14.0
29_07_2022,14:15:29,1012.2,27.8,29.1,29.8,77.0,70.0,282.0,12080.0,725.0,2.5,41.0,0.0,14.0
29_07_2022,14:15:31,1012.2,27.8,29.1,29.8,77.0,70.0,282.0,12080.0,725.0,2.5,41.0,0.0,14.0
29_07_2022,14:15:33,1012.2,27.8,29.1,29.8,77.0,70.0,281.0,12361.0,742.0,3.0,115.0,0.0,14.0
29_07_2022,14:15:35,1012.2,27.8,29.1,29.8,77.0,70.0,281.0,12361.0,742.0,3.0,115.0,0.0,14.0
29_07_2022,14:15:40,1012.2,27.8,29.1,29.8,77.0,70.0,281.0,12361.0,742.0,2.2,127.0,0.0,14.0
29_07_2022,14:15:42,1012.2,27.8,29.1,29.8,77.0,70.0,281.0,12361.0,742.0,2.2,127.0,0.0,14.0
29_07_2022,14:16:01,1012.1,27.8,29.1,29.8,77.0,70.0,280.0,12922.0,775.0,3.1,169.0,0.0,14.0
29_07_2022,14:16:12,1012.1,27.8,29.1,29.8,77.0,70.0,280.0,13202.0,792.0,4.5,116.0,0.0,14.1
29_07_2022,14:16:31,1012.1,27.8,29.1,29.8,77.0,70.0,279.0,13760.0,826.0,1.8,151.0,0.0,14.1
29_07_2022,14:16:42,1012.1,27.8,29.1,29.8,77.0,70.0,278.0,14038.0,842.0,1.0,104.0,0.0,14.1
29_07_2022,14:17:01,1012.1,27.8,29.1,29.8,77.0,70.0,278.0,14594.0,876.0,1.3,149.0,0.0,14.1
29_07_2022,14:17:31,1012.1,27.8,29.1,29.8,77.0,70.0,277.0,15426.0,926.0,0.8,189.0,0.0,14.1
29_07_2022,14:18:01,1012.1,27.8,29.1,29.8,78.0,70.0,276.0,16255.0,975.0,2.5,176.0,0.0,14.1
29_07_2022,14:18:31,1012.1,27.8,29.1,29.7,77.0,70.0,277.0,17085.0,1025.0,3.1,83.0,0.0,14.1
29_07_2022,14:19:01,1012.1,27.8,29.1,29.7,76.0,70.0,277.0,17915.0,1075.0,4.3,146.0,0.0,14.1
29_07_2022,14:19:31,1012.1,27.8,29.1,29.7,76.0,70.0,276.0,18744.0,1125.0,3.6,143.0,0.0,14.1
29_07_2022,14:20:01,1012.1,27.8,29.1,29.7,76.0,70.0,276.0,19574.0,1174.0,2.3,139.0,0.0,14.1
29_07_2022,14:20:31,1012.1,27.8,29.2,29.7,76.0,70.0,276.0,20402.0,1224.0,0.7,181.0,0.0,14.1
29_07_2022,14:21:01,1012.1,27.8,29.2,29.7,76.0,70.0,276.0,21230.0,1274.0,1.6,145.0,0.0,14.1
29_07_2022,14:21:31,1012.1,27.8,29.2,29.7,76.0,70.0,276.0,22059.0,1324.0,1.6,95.0,0.0,14.1
29_07_2022,14:22:01,1012.1,27.8,29.2,29.7,76.0,70.0,276.0,22888.0,1373.0,2.0,133.0,0.0,14.1
29_07_2022,14:22:31,1012.1,27.8,29.2,29.6,76.0,70.0,277.0,23718.0,1423.0,3.2,173.0,0.0,14.1
29_07_2022,14:23:01,1012.1,27.8,29.2,29.6,76.0,70.0,277.0,24548.0,1473.0,2.1,166.0,0.0,14.1
29_07_2022,14:23:31,1012.1,27.8,29.2,29.6,76.0,70.0,277.0,25379.0,1523.0,3.8,109.0,0.0,14.1
29_07_2022,14:24:01,1012.1,27.8,29.2,29.6,76.0,70.0,277.0,26210.0,1573.0,2.1,119.0,0.0,14.1
29_07_2022,14:24:31,1012.1,27.8,29.2,29.6,76.0,70.0,277.0,27042.0,1623.0,3.2,121.0,0.0,14.1
29_07_2022,14:25:01,1012.1,27.8,29.2,29.6,76.0,70.0,278.0,27875.0,1672.0,2.9,169.0,0.0,14.1
29_07_2022,14:25:31,1012.1,27.8,29.2,29.6,76.0,70.0,278.0,28708.0,1722.0,2.9,140.0,0.0,14.1
29_07_2022,14:26:01,1012.1,27.8,29.2,29.6,75.0,70.0,277.0,29540.0,1772.0,4.0,156.0,0.0,14.1
29_07_2022,14:26:31,1012.1,27.8,29.2,29.6,75.0,70.0,277.0,30371.0,1822.0,7.9,134.0,0.0,14.0
29_07_2022,14:27:01,1012.2,27.7,29.2,29.6,75.0,70.0,277.0,31203.0,1872.0,4.7,167.0,0.0,14.0
29_07_2022,14:27:31,1012.2,27.7,29.2,29.6,75.0,70.0,278.0,32037.0,1922.0,3.9,133.0,0.0,14.0
29_07_2022,14:28:01,1012.1,27.6,29.2,29.6,75.0,70.0,279.0,32872.0,1972.0,5.9,113.0,0.0,14.0
29_07_2022,14:28:31,1012.2,27.6,29.2,29.6,76.0,70.0,281.0,33712.0,2023.0,4.9,122.0,0.0,14.1
29_07_2022,14:29:01,1012.2,27.5,29.2,29.6,76.0,70.0,283.0,34558.0,2073.0,3.4,124.0,0.0,14.1
29_07_2022,14:29:31,1012.1,27.5,29.2,29.6,76.0,70.0,285.0,35410.0,2125.0,3.9,162.0,0.0,14.1
29_07_2022,14:30:01,1012.1,27.5,29.2,29.5,76.0,70.0,287.0,36269.0,2176.0,1.8,115.0,0.0,14.1
29_07_2022,14:30:31,1012.1,27.5,29.2,29.5,76.0,70.0,289.0,37133.0,2228.0,3.2,129.0,0.0,14.0
29_07_2022,14:31:01,1012.1,27.5,29.3,29.5,77.0,70.0,291.0,38004.0,2280.0,1.6,144.0,0.0,14.0
29_07_2022,14:31:31,1012.1,27.5,29.3,29.5,77.0,70.0,293.0,38881.0,2333.0,4.6,122.0,0.0,14.0
29_07_2022,14:32:01,1012.1,27.5,29.3,29.5,77.0,70.0,295.0,39764.0,2386.0,2.1,163.0,0.0,14.0
29_07_2022,14:32:31,1012.1,27.5,29.3,29.5,77.0,70.0,297.0,40653.0,2439.0,2.3,85.0,0.0,14.1
29_07_2022,14:33:01,1012.1,27.5,29.3,29.5,77.0,70.0,301.0,41552.0,2493.0,2.9,184.0,0.0,14.1
29_07_2022,14:33:31,1012.1,27.5,29.3,29.5,77.0,70.0,307.0,42467.0,2548.0,1.4,115.0,0.0,14.1
29_07_2022,14:34:01,1012.1,27.5,29.3,29.5,77.0,70.0,311.0,43396.0,2604.0,2.8,218.0,0.0,14.1
29_07_2022,14:34:31,1012.0,27.5,29.3,29.5,77.0,70.0,314.0,44335.0,2660.0,6.4,151.0,0.0,14.1
29_07_2022,14:35:01,1012.0,27.5,29.3,29.5,77.0,70.0,314.0,45278.0,2717.0,3.4,165.0,0.0,14.1
29_07_2022,14:35:31,1012.0,27.5,29.3,29.5,76.0,70.0,312.0,46216.0,2773.0,2.5,133.0,0.0,14.1
29_07_2022,14:36:01,1012.0,27.5,29.3,29.5,76.0,70.0,311.0,47151.0,2829.0,3.0,168.0,0.0,14.1
29_07_2022,14:36:31,1012.0,27.5,29.3,29.4,76.0,70.0,311.0,48085.0,2885.0,3.6,149.0,0.0,14.1
29_07_2022,14:37:01,1012.0,27.5,29.3,29.4,77.0,71.0,312.0,49020.0,2941.0,4.8,142.0,0.0,14.1
29_07_2022,14:37:31,1012.0,27.5,29.3,29.4,77.0,71.0,313.0,49958.0,2997.0,3.8,183.0,0.0,14.1
29_07_2022,14:38:01,1012.0,27.5,29.3,29.4,77.0,71.0,315.0,50901.0,3054.0,0.7,159.0,0.0,14.1
29_07_2022,14:38:31,1012.0,27.5,29.3,29.4,77.0,71.0,317.0,51851.0,3111.0,3.6,169.0,0.0,14.1
29_07_2022,14:39:01,1012.0,27.5,29.3,29.4,77.0,71.0,318.0,52804.0,3168.0,5.0,140.0,0.0,14.1
29_07_2022,14:39:31,1012.0,27.5,29.3,29.4,77.0,71.0,319.0,53760.0,3226.0,3.5,142.0,0.0,14.0
29_07_2022,14:40:01,1012.0,27.5,29.3,29.4,77.0,71.0,321.0,54722.0,3283.0,4.2,118.0,0.0,14.0
29_07_2022,14:40:31,1012.0,27.5,29.3,29.4,77.0,71.0,324.0,55690.0,3341.0,3.4,128.0,0.0,14.0
29_07_2022,14:41:01,1012.0,27.5,29.3,29.4,77.0,71.0,328.0,56670.0,3400.0,2.6,124.0,0.0,14.0
29_07_2022,14:41:31,1011.9,27.5,29.3,29.4,77.0,71.0,330.0,57659.0,3460.0,1.2,121.0,0.0,14.1
29_07_2022,14:42:01,1011.9,27.5,29.3,29.4,78.0,71.0,331.0,58651.0,3519.0,1.7,186.0,0.0,14.1
29_07_2022,14:42:31,1011.9,27.5,29.3,29.3,78.0,71.0,333.0,59648.0,3579.0,2.5,118.0,0.0,14.0
29_07_2022,14:43:01,1011.9,27.5,29.4,29.3,78.0,71.0,335.0,60651.0,3639.0,2.2,90.0,0.0,14.0
29_07_2022,14:43:31,1011.9,27.6,29.4,29.3,78.0,71.0,338.0,61663.0,3700.0,2.1,161.0,0.0,14.1
29_07_2022,14:44:01,1011.9,27.6,29.4,29.3,78.0,71.0,337.0,62675.0,3761.0,3.9,146.0,0.0,14.1
29_07_2022,14:44:31,1011.9,27.6,29.4,29.3,77.0,71.0,337.0,63684.0,3821.0,1.5,162.0,0.0,14.0
29_07_2022,14:45:01,1011.9,27.7,29.4,29.3,77.0,71.0,338.0,64697.0,3882.0,3.0,131.0,0.0,14.0
29_07_2022,14:45:31,1011.9,27.7,29.4,29.3,77.0,71.0,339.0,65715.0,3943.0,3.1,153.0,0.0,14.0
29_07_2022,14:46:01,1011.9,27.7,29.4,29.3,77.0,71.0,341.0,66736.0,4004.0,5.3,148.0,0.0,14.0
29_07_2022,14:46:31,1011.9,27.7,29.4,29.3,77.0,71.0,347.0,67770.0,4066.0,4.1,151.0,0.0,14.0
29_07_2022,14:47:01,1011.9,27.6,29.4,29.3,77.0,71.0,349.0,68815.0,4129.0,2.3,136.0,0.0,14.0
29_07_2022,14:47:31,1011.9,27.6,29.4,29.3,77.0,71.0,347.0,69858.0,4191.0,3.8,188.0,0.0,14.0
29_07_2022,14:48:01,1011.9,27.6,29.4,29.3,77.0,71.0,350.0,70905.0,4254.0,1.2,26.0,0.0,14.0
29_07_2022,14:48:31,1011.9,27.6,29.4,29.3,77.0,71.0,354.0,71962.0,4318.0,3.8,146.0,0.0,14.1
29_07_2022,14:49:01,1011.9,27.6,29.4,29.3,77.0,71.0,361.0,73037.0,4382.0,4.3,134.0,0.0,14.1
29_07_2022,14:49:31,1011.9,27.7,29.4,29.3,77.0,71.0,365.0,74129.0,4448.0,1.3,190.0,0.0,14.0
29_07_2022,14:50:01,1011.9,27.7,29.4,29.3,77.0,71.0,368.0,75230.0,4514.0,2.8,115.0,0.0,14.0
29_07_2022,14:50:31,1011.9,27.7,29.4,29.3,77.0,70.0,384.0,76366.0,4582.0,4.6,196.0,0.0,14.1
29_07_2022,14:51:01,1011.9,27.7,29.4,29.3,77.0,70.0,395.0,77542.0,4653.0,2.4,136.0,0.0,14.1
29_07_2022,14:51:31,1011.9,27.7,29.4,29.3,77.0,70.0,397.0,78733.0,4724.0,1.4,122.0,0.0,14.0
29_07_2022,14:52:01,1011.9,27.7,29.4,29.4,77.0,70.0,409.0,79945.0,4797.0,5.4,147.0,0.0,14.0
29_07_2022,14:52:31,1011.9,27.7,29.4,29.4,77.0,70.0,429.0,81214.0,4873.0,3.2,152.0,0.0,14.0
29_07_2022,14:53:01,1011.9,27.7,29.4,29.4,77.0,70.0,420.0,82486.0,4949.0,2.8,155.0,0.0,14.0
29_07_2022,14:53:31,1011.9,27.7,29.4,29.4,77.0,70.0,420.0,83738.0,5024.0,1.5,167.0,0.0,14.1
29_07_2022,14:54:01,1011.9,27.7,29.4,29.4,77.0,70.0,460.0,85078.0,5105.0,2.4,148.0,0.0,14.1
29_07_2022,14:54:31,1011.9,27.6,29.4,29.4,77.0,70.0,467.0,86481.0,5189.0,0.7,161.0,0.0,14.0
29_07_2022,14:55:01,1011.9,27.6,29.4,29.4,77.0,70.0,437.0,87828.0,5270.0,3.6,150.0,0.0,14.0
29_07_2022,14:55:31,1011.9,27.6,29.4,29.4,78.0,70.0,400.0,89065.0,5344.0,3.5,179.0,0.0,14.1
29_07_2022,14:56:01,1012.0,27.6,29.5,29.4,78.0,70.0,375.0,90209.0,5413.0,3.0,180.0,0.0,14.1
29_07_2022,14:56:31,1012.0,27.7,29.5,29.4,78.0,70.0,369.0,91319.0,5479.0,2.4,108.0,0.0,14.1
29_07_2022,14:57:01,1012.0,27.7,29.5,29.4,77.0,70.0,360.0,92409.0,5545.0,3.1,143.0,0.0,14.1
29_07_2022,14:57:31,1012.0,27.7,29.5,29.4,77.0,70.0,356.0,93477.0,5609.0,4.0,130.0,0.0,14.1
29_07_2022,14:58:01,1012.0,27.6,29.5,29.4,78.0,70.0,360.0,94552.0,5673.0,2.5,138.0,0.0,14.1
29_07_2022,14:58:31,1012.0,27.6,29.5,29.4,78.0,70.0,357.0,95629.0,5738.0,5.9,118.0,0.0,14.1
29_07_2022,14:59:01,1012.0,27.6,29.5,29.4,78.0,70.0,351.0,96689.0,5801.0,2.5,163.0,0.0,14.1
29_07_2022,14:59:31,1012.0,27.6,29.5,29.4,77.0,70.0,345.0,97732.0,5864.0,3.0,145.0,0.0,14.1
29_07_2022,15:00:01,1012.0,27.6,29.5,29.4,77.0,70.0,337.0,98751.0,5925.0,3.5,118.0,0.0,14.1
29_07_2022,15:00:31,1012.1,27.6,29.5,29.4,77.0,70.0,337.0,99758.0,5985.0,6.0,162.0,0.0,14.0
29_07_2022,15:01:01,1012.1,27.6,29.5,29.4,77.0,70.0,338.0,772.0,6046.0,3.5,120.0,0.0,14.0
29_07_2022,15:01:31,1012.0,27.6,29.5,29.4,77.0,70.0,335.0,1781.0,6107.0,4.8,224.0,0.0,14.1
29_07_2022,15:02:01,1012.0,27.6,29.5,29.4,77.0,70.0,333.0,2781.0,6167.0,6.1,140.0,0.0,14.1
29_07_2022,15:02:31,1012.0,27.5,29.5,29.4,76.0,70.0,330.0,3775.0,6226.0,3.0,134.0,0.0,14.0
29_07_2022,15:03:01,1012.1,27.5,29.5,29.4,76.0,70.0,334.0,4773.0,6286.0,3.4,126.0,0.0,14.0
29_07_2022,15:14:42,1012.1,27.8,29.6,29.3,77.0,71.0,519.0,16761.0,1006.0,3.4,151.0,0.0,13.8
29_07_2022,15:15:05,1012.1,27.9,29.6,29.3,77.0,71.0,528.0,18366.0,1102.0,2.5,151.0,0.0,13.8
29_07_2022,15:15:07,1012.1,27.9,29.6,29.3,77.0,71.0,528.0,18366.0,1102.0,2.5,151.0,0.0,13.8
29_07_2022,15:15:09,1012.1,27.9,29.6,29.3,77.0,71.0,528.0,18366.0,1102.0,2.3,155.0,0.0,13.8
29_07_2022,15:15:11,1012.1,27.9,29.6,29.3,77.0,71.0,528.0,18366.0,1102.0,2.3,155.0,0.0,13.8
29_07_2022,15:15:13,1012.1,27.9,29.6,29.3,77.0,71.0,528.0,18366.0,1102.0,2.3,155.0,0.0,13.8
29_07_2022,15:15:15,1012.1,27.9,29.6,29.3,77.0,71.0,500.0,18866.0,1132.0,1.3,166.0,0.0,13.8
29_07_2022,15:15:17,1012.1,27.9,29.6,29.3,77.0,71.0,500.0,18866.0,1132.0,1.3,166.0,0.0,13.8
29_07_2022,15:15:19,1012.1,27.9,29.6,29.3,77.0,71.0,500.0,18866.0,1132.0,1.1,131.0,0.0,13.8
29_07_2022,15:15:21,1012.1,27.9,29.6,29.3,77.0,71.0,500.0,18866.0,1132.0,1.1,131.0,0.0,13.8
29_07_2022,15:15:23,1012.1,27.9,29.6,29.3,77.0,71.0,500.0,18866.0,1132.0,1.1,131.0,0.0,13.8
29_07_2022,15:15:24,1012.1,27.9,29.6,29.3,77.0,71.0,468.0,19334.0,1160.0,1.8,177.0,0.0,13.8
29_07_2022,15:15:26,1012.1,27.9,29.6,29.3,77.0,71.0,468.0,19334.0,1160.0,1.8,177.0,0.0,13.8
29_07_2022,15:15:28,1012.1,27.9,29.6,29.3,77.0,71.0,468.0,19334.0,1160.0,2.7,167.0,0.0,13.8
29_07_2022,15:15:30,1012.1,27.9,29.6,29.3,77.0,71.0,468.0,19334.0,1160.0,2.7,167.0,0.0,13.8
29_07_2022,15:15:32,1012.1,27.9,29.6,29.3,77.0,71.0,468.0,19334.0,1160.0,2.7,167.0,0.0,13.8
29_07_2022,15:15:34,1012.1,27.9,29.6,29.3,77.0,71.0,437.0,19771.0,1186.0,2.9,171.0,0.0,13.8
29_07_2022,15:15:36,1012.1,27.9,29.6,29.3,77.0,71.0,437.0,19771.0,1186.0,2.9,171.0,0.0,13.8
29_07_2022,15:15:38,1012.1,27.9,29.6,29.3,77.0,71.0,437.0,19771.0,1186.0,3.5,180.0,0.0,13.8
29_07_2022,15:15:40,1012.1,27.9,29.6,29.3,77.0,71.0,437.0,19771.0,1186.0,3.5,180.0,0.0,13.8
29_07_2022,15:15:42,1012.1,27.9,29.6,29.3,77.0,71.0,437.0,19771.0,1186.0,3.5,180.0,0.0,13.8
29_07_2022,15:15:49,1012.1,27.9,29.6,29.3,77.0,71.0,410.0,20180.0,1211.0,5.7,164.0,0.0,13.8
29_07_2022,15:16:01,1012.1,27.9,29.6,29.3,77.0,71.0,394.0,20575.0,1234.0,2.5,199.0,0.0,13.8
29_07_2022,15:16:12,1012.1,27.9,29.6,29.3,77.0,71.0,389.0,20964.0,1258.0,1.5,185.0,0.0,13.7
29_07_2022,15:16:31,1012.1,27.9,29.6,29.3,77.0,71.0,379.0,21729.0,1304.0,2.9,144.0,0.0,13.7
29_07_2022,15:16:42,1012.1,27.9,29.6,29.3,77.0,71.0,368.0,22097.0,1326.0,3.9,140.0,0.0,13.7
29_07_2022,15:17:01,1012.1,27.9,29.6,29.3,77.0,71.0,361.0,22822.0,1369.0,1.7,215.0,0.0,13.7
29_07_2022,15:17:31,1012.1,27.9,29.6,29.3,77.0,71.0,373.0,23920.0,1435.0,3.9,126.0,0.0,13.8
29_07_2022,15:18:01,1012.1,27.9,29.6,29.3,78.0,71.0,398.0,25095.0,1506.0,2.8,184.0,0.0,13.8
29_07_2022,15:18:31,1012.1,28.0,29.6,29.3,78.0,71.0,388.0,26279.0,1577.0,2.9,151.0,0.0,13.7
29_07_2022,15:19:01,1012.1,28.0,29.6,29.3,77.0,71.0,348.0,27363.0,1642.0,1.8,146.0,0.0,13.7
29_07_2022,15:19:31,1012.1,28.0,29.6,29.3,77.0,71.0,326.0,28353.0,1701.0,1.0,153.0,0.0,13.8
29_07_2022,15:20:01,1012.1,28.0,29.6,29.3,78.0,71.0,337.0,29348.0,1761.0,0.9,143.0,0.0,13.8
29_07_2022,15:20:31,1012.1,28.0,29.6,29.3,78.0,71.0,362.0,30408.0,1824.0,3.5,182.0,0.0,13.7
29_07_2022,15:21:01,1012.1,28.0,29.6,29.3,77.0,71.0,408.0,31584.0,1895.0,1.1,204.0,0.0,13.7
29_07_2022,15:21:31,1012.1,28.0,29.6,29.3,77.0,71.0,425.0,32848.0,1971.0,2.8,158.0,0.0,13.8
29_07_2022,15:22:01,1012.1,28.0,29.6,29.4,77.0,71.0,473.0,34219.0,2053.0,2.5,153.0,0.0,13.8
29_07_2022,15:22:31,1012.1,28.0,29.6,29.4,77.0,71.0,545.0,35780.0,2147.0,2.6,153.0,0.0,13.7
29_07_2022,15:23:01,1012.1,28.0,29.6,29.4,77.0,71.0,552.0,37440.0,2246.0,1.6,144.0,0.0,13.7
29_07_2022,15:23:31,1012.2,28.0,29.6,29.4,77.0,71.0,521.0,39047.0,2343.0,3.4,67.0,0.0,13.8
29_07_2022,15:24:01,1012.2,28.0,29.6,29.4,78.0,71.0,489.0,40539.0,2432.0,2.4,154.0,0.0,13.8
29_07_2022,15:24:31,1012.1,28.0,29.6,29.4,78.0,71.0,475.0,41976.0,2519.0,2.8,130.0,0.0,13.8
29_07_2022,15:25:01,1012.2,28.0,29.6,29.4,78.0,71.0,430.0,43320.0,2599.0,3.6,110.0,0.0,13.8
29_07_2022,15:25:31,1012.1,28.0,29.6,29.4,78.0,71.0,376.0,44497.0,2670.0,0.3,29.0,0.0,13.7
29_07_2022,15:26:01,1012.1,28.0,29.6,29.4,78.0,71.0,389.0,45637.0,2738.0,3.8,130.0,0.0,13.7
29_07_2022,15:26:31,1012.1,28.0,29.7,29.4,78.0,70.0,437.0,46885.0,2813.0,4.4,105.0,0.0,13.7
29_07_2022,15:27:01,1012.1,28.0,29.7,29.5,78.0,70.0,456.0,48252.0,2895.0,2.7,118.0,0.0,13.7
29_07_2022,15:27:31,1012.1,28.1,29.7,29.5,78.0,70.0,398.0,49524.0,2971.0,2.5,125.0,0.0,13.7
29_07_2022,15:28:01,1012.1,28.0,29.7,29.5,78.0,70.0,311.0,50540.0,3032.0,3.6,96.0,0.0,13.7
29_07_2022,15:28:31,1012.1,28.0,29.7,29.5,78.0,70.0,286.0,51399.0,3084.0,2.0,112.0,0.0,13.8
29_07_2022,15:29:01,1012.1,28.0,29.7,29.5,78.0,70.0,361.0,52397.0,3144.0,2.3,151.0,0.0,13.8
29_07_2022,15:29:31,1012.1,27.9,29.7,29.5,79.0,70.0,404.0,53581.0,3215.0,3.9,204.0,0.0,13.8
29_07_2022,15:30:01,1012.1,27.9,29.7,29.5,79.0,70.0,379.0,54752.0,3285.0,4.3,127.0,0.0,13.8
29_07_2022,15:30:31,1012.1,27.9,29.7,29.5,79.0,70.0,367.0,55850.0,3351.0,3.5,73.0,0.0,13.8
29_07_2022,15:31:01,1012.1,27.9,29.7,29.5,79.0,70.0,425.0,57057.0,3423.0,1.1,114.0,0.0,13.8
29_07_2022,15:31:31,1012.1,27.9,29.7,29.5,79.0,70.0,499.0,58491.0,3509.0,2.4,139.0,0.0,13.7
29_07_2022,15:32:01,1012.1,27.9,29.7,29.6,79.0,70.0,502.0,59999.0,3600.0,1.8,150.0,0.0,13.7
29_07_2022,15:32:31,1012.1,27.9,29.7,29.6,79.0,70.0,500.0,61500.0,3690.0,3.2,124.0,0.0,13.8
29_07_2022,15:33:01,1012.1,27.9,29.7,29.6,79.0,70.0,487.0,62974.0,3778.0,4.9,153.0,0.0,13.8
29_07_2022,15:33:31,1012.1,27.9,29.7,29.6,79.0,70.0,452.0,64376.0,3863.0,6.2,173.0,0.0,13.7
29_07_2022,15:34:01,1012.1,27.9,29.7,29.6,78.0,70.0,405.0,65617.0,3937.0,4.2,193.0,0.0,13.7
29_07_2022,15:34:31,1012.1,27.9,29.7,29.6,79.0,70.0,416.0,66848.0,4011.0,2.7,173.0,0.0,13.7
29_07_2022,15:35:01,1012.1,27.9,29.7,29.6,79.0,70.0,447.0,68176.0,4091.0,1.8,162.0,0.0,13.7
29_07_2022,15:35:31,1012.1,27.9,29.7,29.6,79.0,70.0,449.0,69512.0,4171.0,0.4,189.0,0.0,13.8
29_07_2022,15:36:01,1012.1,27.8,29.7,29.6,79.0,70.0,410.0,70804.0,4248.0,3.1,115.0,0.0,13.8
29_07_2022,15:36:31,1012.1,27.8,29.7,29.7,79.0,70.0,366.0,71934.0,4316.0,4.8,135.0,0.0,13.7
29_07_2022,15:37:01,1012.1,27.8,29.7,29.7,79.0,70.0,385.0,73054.0,4383.0,2.4,146.0,0.0,13.7
29_07_2022,15:37:31,1012.1,27.7,29.7,29.7,79.0,70.0,415.0,74284.0,4457.0,1.9,195.0,0.0,13.7
29_07_2022,15:38:01,1012.1,27.7,29.7,29.7,79.0,70.0,399.0,75499.0,4530.0,5.4,149.0,0.0,13.7
29_07_2022,15:38:31,1012.1,27.7,29.7,29.7,79.0,70.0,347.0,76589.0,4595.0,6.8,128.0,0.0,13.7
29_07_2022,15:39:01,1012.1,27.7,29.7,29.7,79.0,70.0,338.0,77609.0,4657.0,1.6,153.0,0.0,13.7
29_07_2022,15:39:31,1012.1,27.7,29.7,29.7,78.0,70.0,349.0,78642.0,4719.0,2.4,132.0,0.0,13.7
29_07_2022,15:40:01,1012.1,27.7,29.7,29.7,78.0,70.0,384.0,79751.0,4785.0,0.8,243.0,0.0,13.7
29_07_2022,15:40:31,1012.1,27.7,29.7,29.7,78.0,70.0,418.0,80979.0,4859.0,3.0,166.0,0.0,13.7
29_07_2022,15:41:01,1012.1,27.7,29.7,29.7,77.0,70.0,410.0,82223.0,4933.0,2.1,124.0,0.0,13.7
29_07_2022,15:41:31,1012.1,27.7,29.7,29.7,77.0,70.0,410.0,83448.0,5007.0,3.4,146.0,0.0,13.8
29_07_2022,15:42:01,1012.1,27.8,29.7,29.7,77.0,70.0,434.0,84724.0,5083.0,1.4,98.0,0.0,13.8
29_07_2022,15:42:31,1012.1,27.8,29.7,29.7,77.0,70.0,451.0,86063.0,5164.0,4.0,155.0,0.0,13.7
29_07_2022,15:43:01,1012.1,27.8,29.7,29.7,77.0,70.0,448.0,87413.0,5245.0,4.1,131.0,0.0,13.7
29_07_2022,15:43:31,1012.1,27.8,29.7,29.7,76.0,70.0,438.0,88740.0,5324.0,5.8,136.0,0.0,13.8
29_07_2022,15:44:01,1012.1,27.8,29.7,29.7,76.0,70.0,421.0,90018.0,5401.0,1.6,152.0,0.0,13.8
29_07_2022,15:45:31,1012.1,27.8,29.8,29.7,77.0,70.0,203.0,92697.0,5562.0,3.7,111.0,0.0,13.7
29_07_2022,15:46:01,1012.1,27.8,29.8,29.7,77.0,70.0,204.0,93304.0,5598.0,1.6,155.0,0.0,13.7
29_07_2022,15:46:31,1012.1,27.8,29.8,29.7,77.0,70.0,216.0,93938.0,5636.0,3.9,99.0,0.0,13.7
29_07_2022,15:47:01,1012.1,27.8,29.8,29.7,77.0,70.0,251.0,94655.0,5679.0,4.6,105.0,0.0,13.7
29_07_2022,15:47:31,1012.1,27.8,29.8,29.7,77.0,69.0,259.0,95430.0,5726.0,3.2,138.0,0.0,13.8
29_07_2022,15:48:01,1012.1,27.8,29.8,29.7,77.0,69.0,244.0,96172.0,5770.0,1.1,158.0,0.0,13.8
29_07_2022,15:48:31,1012.1,27.8,29.8,29.7,77.0,69.0,252.0,96916.0,5815.0,2.1,135.0,0.0,13.8
29_07_2022,15:49:01,1012.1,27.7,29.8,29.8,77.0,69.0,253.0,97690.0,5861.0,0.8,160.0,0.0,13.8
29_07_2022,15:49:31,1012.1,27.7,29.8,29.8,77.0,69.0,217.0,98379.0,5903.0,2.3,142.0,0.0,13.8
29_07_2022,15:50:01,1012.1,27.7,29.8,29.8,77.0,69.0,185.0,98958.0,5937.0,3.5,148.0,0.0,13.8
29_07_2022,15:50:31,1012.1,27.7,29.8,29.8,77.0,69.0,187.0,99514.0,5971.0,2.0,130.0,0.0,13.8
29_07_2022,15:51:01,1012.1,27.7,29.8,29.8,77.0,69.0,197.0,95.0,6006.0,2.3,137.0,0.0,13.8
29_07_2022,15:51:31,1012.1,27.7,29.8,29.8,77.0,69.0,228.0,743.0,6045.0,2.5,100.0,0.0,13.8
29_07_2022,15:52:01,1012.1,27.7,29.8,29.8,77.0,69.0,268.0,1508.0,6090.0,2.8,133.0,0.0,13.8
29_07_2022,15:52:31,1012.1,27.6,29.8,29.7,78.0,69.0,277.0,2341.0,6140.0,1.2,146.0,0.0,13.8
29_07_2022,15:53:01,1012.1,27.6,29.8,29.7,78.0,69.0,258.0,3135.0,6188.0,0.9,63.0,0.0,13.8
29_07_2022,15:53:31,1012.1,27.6,29.8,29.7,78.0,69.0,252.0,3892.0,6234.0,0.7,88.0,0.0,13.7
29_07_2022,15:54:01,1012.1,27.6,29.8,29.7,78.0,69.0,255.0,4655.0,6279.0,3.3,159.0,0.0,13.7
29_07_2022,15:54:31,1012.1,27.6,29.8,29.7,78.0,69.0,254.0,5419.0,6325.0,2.1,133.0,0.0,13.8
29_07_2022,15:55:01,1012.1,27.6,29.8,29.7,79.0,69.0,279.0,6222.0,6373.0,2.0,131.0,0.0,13.8
29_07_2022,15:55:31,1012.1,27.6,29.8,29.7,79.0,69.0,301.0,7110.0,6427.0,3.5,119.0,0.0,13.8
29_07_2022,15:56:01,1012.1,27.6,29.8,29.7,79.0,69.0,268.0,7959.0,6478.0,3.5,198.0,0.0,13.8
29_07_2022,15:56:31,1012.1,27.7,29.8,29.7,78.0,69.0,212.0,8652.0,6519.0,2.4,160.0,0.0,13.8
29_07_2022,15:57:01,1012.1,27.6,29.8,29.7,79.0,69.0,183.0,9221.0,6553.0,2.8,151.0,0.0,13.8
29_07_2022,15:57:31,1012.2,27.6,29.8,29.7,79.0,69.0,175.0,9748.0,6585.0,3.3,157.0,0.0,13.8
29_07_2022,15:58:01,1012.2,27.6,29.8,29.6,79.0,70.0,173.0,10269.0,6616.0,2.3,183.0,0.0,13.8
29_07_2022,15:58:31,1012.2,27.6,29.8,29.6,79.0,70.0,189.0,10814.0,6649.0,3.5,173.0,0.0,13.8
29_07_2022,15:59:01,1012.2,27.5,29.8,29.6,79.0,70.0,212.0,11437.0,6686.0,2.4,117.0,0.0,13.8
29_07_2022,15:59:31,1012.2,27.5,29.8,29.6,80.0,70.0,195.0,12042.0,6723.0,1.3,152.0,0.0,13.8
29_07_2022,16:00:01,1012.2,27.5,29.8,29.6,80.0,70.0,188.0,12609.0,6757.0,5.1,130.0,0.0,13.8
29_07_2022,16:00:31,1012.2,27.5,29.8,29.6,80.0,70.0,199.0,13194.0,6792.0,2.8,143.0,0.0,13.8
29_07_2022,16:01:01,1012.2,27.5,29.8,29.6,80.0,70.0,210.0,13807.0,6828.0,1.7,146.0,0.0,13.8
29_07_2022,16:01:31,1012.2,27.5,29.8,29.6,80.0,70.0,230.0,14486.0,6869.0,2.3,112.0,0.0,13.8
29_07_2022,16:02:01,1012.2,27.4,29.8,29.5,80.0,70.0,215.0,15154.0,6909.0,0.4,137.0,0.0,13.8
29_07_2022,16:02:31,1012.2,27.4,29.8,29.5,81.0,70.0,170.0,15710.0,6943.0,2.8,100.0,0.0,13.8
29_07_2022,16:03:01,1012.2,27.5,29.8,29.5,81.0,70.0,130.0,16138.0,6968.0,3.4,137.0,0.0,13.8
29_07_2022,16:14:42,1012.3,27.3,29.9,29.2,82.0,71.0,197.0,7326.0,440.0,3.9,151.0,0.0,13.8
29_07_2022,16:14:49,1012.3,27.3,29.9,29.2,82.0,71.0,197.0,7522.0,451.0,2.5,147.0,0.0,13.8
29_07_2022,16:14:51,1012.3,27.3,29.9,29.2,82.0,71.0,197.0,7522.0,451.0,2.5,147.0,0.0,13.8
29_07_2022,16:14:53,1012.3,27.3,29.9,29.2,82.0,71.0,196.0,7718.0,463.0,1.6,185.0,0.0,13.8
29_07_2022,16:14:55,1012.3,27.3,29.9,29.2,82.0,71.0,196.0,7718.0,463.0,1.6,185.0,0.0,13.8
29_07_2022,16:14:57,1012.3,27.3,29.9,29.2,82.0,71.0,196.0,7718.0,463.0,1.6,185.0,0.0,13.8
29_07_2022,16:14:59,1012.3,27.3,29.9,29.2,82.0,71.0,196.0,7718.0,463.0,2.0,142.0,0.0,13.8
29_07_2022,16:15:01,1012.3,27.3,29.9,29.2,82.0,71.0,196.0,7718.0,463.0,2.0,142.0,0.0,13.8
29_07_2022,16:15:03,1012.3,27.3,29.9,29.2,82.0,71.0,196.0,7718.0,463.0,2.0,142.0,0.0,13.8
29_07_2022,16:15:05,1012.3,27.3,29.9,29.1,82.0,71.0,196.0,7914.0,475.0,3.0,152.0,0.0,13.8
29_07_2022,16:15:07,1012.3,27.3,29.9,29.1,82.0,71.0,196.0,7914.0,475.0,3.0,152.0,0.0,13.8
29_07_2022,16:15:09,1012.3,27.3,29.9,29.1,82.0,71.0,196.0,7914.0,475.0,3.8,124.0,0.0,13.8
29_07_2022,16:15:11,1012.3,27.3,29.9,29.1,82.0,71.0,196.0,7914.0,475.0,3.8,124.0,0.0,13.8
29_07_2022,16:15:13,1012.3,27.3,29.9,29.1,82.0,71.0,196.0,7914.0,475.0,3.8,124.0,0.0,13.8
29_07_2022,16:15:15,1012.3,27.3,29.9,29.1,81.0,71.0,196.0,8110.0,487.0,3.1,136.0,0.0,13.8
29_07_2022,16:15:17,1012.3,27.3,29.9,29.1,81.0,71.0,196.0,8110.0,487.0,3.1,136.0,0.0,13.8
29_07_2022,16:15:18,1012.3,27.3,29.9,29.1,81.0,71.0,196.0,8110.0,487.0,3.9,130.0,0.0,13.8
29_07_2022,16:15:20,1012.3,27.3,29.9,29.1,81.0,71.0,196.0,8110.0,487.0,3.9,130.0,0.0,13.8
29_07_2022,16:15:22,1012.3,27.3,29.9,29.1,81.0,71.0,196.0,8110.0,487.0,3.9,130.0,0.0,13.8
29_07_2022,16:15:24,1012.3,27.3,29.9,29.1,81.0,71.0,195.0,8305.0,498.0,4.2,129.0,0.0,13.8
29_07_2022,16:15:27,1012.3,27.3,29.9,29.1,81.0,71.0,195.0,8305.0,498.0,4.2,129.0,0.0,13.8
29_07_2022,16:15:31,1012.3,27.3,29.9,29.1,81.0,71.0,195.0,8305.0,498.0,3.4,127.0,0.0,13.8
29_07_2022,16:15:42,1012.3,27.3,29.9,29.1,81.0,71.0,195.0,8500.0,510.0,2.0,153.0,0.0,13.8
29_07_2022,16:16:01,1012.3,27.3,29.9,29.1,81.0,71.0,194.0,8890.0,533.0,1.9,165.0,0.0,13.8
29_07_2022,16:16:12,1012.3,27.3,29.9,29.1,81.0,71.0,194.0,9083.0,545.0,2.1,151.0,0.0,13.8
29_07_2022,16:16:31,1012.3,27.3,29.9,29.1,82.0,71.0,193.0,9469.0,568.0,3.4,160.0,0.0,13.8
29_07_2022,16:16:42,1012.3,27.3,29.9,29.1,82.0,71.0,192.0,9661.0,580.0,3.2,136.0,0.0,13.8
29_07_2022,16:17:01,1012.3,27.3,29.9,29.1,81.0,71.0,190.0,10042.0,603.0,2.0,230.0,0.0,13.8
29_07_2022,16:17:31,1012.3,27.3,29.9,29.0,82.0,71.0,176.0,10591.0,635.0,3.0,104.0,0.0,13.8
29_07_2022,16:18:01,1012.3,27.3,29.9,29.0,82.0,71.0,174.0,11114.0,667.0,2.7,134.0,0.0,13.8
29_07_2022,16:18:31,1012.3,27.3,29.9,29.0,82.0,71.0,186.0,11653.0,699.0,4.2,140.0,0.0,13.8
29_07_2022,16:19:01,1012.3,27.3,29.9,29.0,81.0,71.0,186.0,12212.0,733.0,3.7,125.0,0.0,13.8
29_07_2022,16:19:31,1012.3,27.3,29.9,29.0,81.0,71.0,184.0,12766.0,766.0,2.2,119.0,0.0,13.8
29_07_2022,16:20:01,1012.3,27.3,29.9,29.0,81.0,71.0,182.0,13314.0,799.0,1.5,177.0,0.0,13.8
29_07_2022,16:20:31,1012.3,27.2,29.9,29.0,82.0,71.0,181.0,13859.0,832.0,0.0,159.0,0.0,13.8
29_07_2022,16:21:01,1012.3,27.2,29.9,28.9,82.0,71.0,181.0,14401.0,864.0,1.1,124.0,0.0,13.8
29_07_2022,16:21:31,1012.4,27.2,29.9,28.9,82.0,71.0,180.0,14941.0,896.0,1.5,165.0,0.0,13.8
29_07_2022,16:22:01,1012.4,27.3,29.9,28.9,81.0,71.0,178.0,15477.0,929.0,3.4,126.0,0.0,13.8
29_07_2022,16:22:31,1012.4,27.3,29.9,28.9,81.0,71.0,177.0,16009.0,961.0,1.2,179.0,0.0,13.8
29_07_2022,16:23:01,1012.4,27.3,29.9,28.9,81.0,71.0,175.0,16536.0,992.0,1.5,125.0,0.0,13.8
29_07_2022,16:23:31,1012.4,27.3,29.9,28.9,81.0,71.0,175.0,17060.0,1024.0,1.3,136.0,0.0,13.8
29_07_2022,16:24:01,1012.4,27.3,29.9,28.9,81.0,71.0,171.0,17577.0,1055.0,5.2,154.0,0.0,13.8
29_07_2022,16:24:31,1012.5,27.3,29.9,28.9,81.0,71.0,162.0,18075.0,1085.0,3.2,124.0,0.0,13.8
29_07_2022,16:25:01,1012.5,27.3,29.9,28.9,81.0,71.0,128.0,18500.0,1110.0,2.5,165.0,0.0,13.8
29_07_2022,16:25:31,1012.5,27.3,29.9,28.9,81.0,71.0,96.0,18817.0,1129.0,4.1,138.0,0.0,13.7
29_07_2022,16:26:01,1012.5,27.3,29.9,28.9,82.0,71.0,90.0,19088.0,1145.0,2.9,122.0,0.0,13.7
29_07_2022,16:26:31,1012.5,27.2,29.9,28.9,82.0,71.0,85.0,19348.0,1161.0,4.4,134.0,0.0,13.7
29_07_2022,16:27:01,1012.5,27.2,29.9,28.9,82.0,71.0,85.0,19604.0,1176.0,2.4,151.0,0.0,13.7
29_07_2022,16:27:31,1012.5,27.1,29.9,28.8,82.0,71.0,84.0,19856.0,1191.0,5.5,126.0,0.0,13.6
29_07_2022,16:28:01,1012.5,27.1,29.9,28.8,83.0,71.0,79.0,20097.0,1206.0,2.6,121.0,0.0,13.6
29_07_2022,16:28:31,1012.5,27.1,29.9,28.8,83.0,71.0,79.0,20335.0,1220.0,0.8,71.0,0.0,13.6
29_07_2022,16:29:01,1012.5,27.1,29.9,28.8,83.0,71.0,82.0,20578.0,1235.0,0.8,199.0,0.0,13.6
29_07_2022,16:29:31,1012.5,27.0,29.9,28.8,83.0,71.0,83.0,20827.0,1250.0,1.2,118.0,0.0,13.5
29_07_2022,16:30:01,1012.5,27.0,29.9,28.8,84.0,71.0,84.0,21078.0,1265.0,0.9,47.0,0.0,13.5
29_07_2022,16:30:31,1012.5,27.0,29.9,28.8,84.0,71.0,87.0,21337.0,1280.0,2.5,157.0,0.0,13.5
29_07_2022,16:31:01,1012.5,27.0,29.9,28.8,84.0,71.0,88.0,21601.0,1296.0,1.0,168.0,0.0,13.5
29_07_2022,16:31:31,1012.5,27.0,29.9,28.8,84.0,71.0,89.0,21866.0,1312.0,2.3,141.0,0.0,13.5
29_07_2022,16:32:01,1012.5,27.0,29.9,28.8,84.0,71.0,88.0,22131.0,1328.0,1.1,143.0,0.0,13.5
29_07_2022,16:32:31,1012.5,27.0,29.9,28.7,84.0,71.0,87.0,22393.0,1344.0,1.6,79.0,0.0,13.4
29_07_2022,16:33:01,1012.5,27.0,29.9,28.7,84.0,71.0,86.0,22653.0,1359.0,2.3,122.0,0.0,13.4
29_07_2022,16:33:31,1012.5,27.0,30.0,28.7,84.0,71.0,82.0,22903.0,1374.0,2.3,126.0,0.0,13.4
29_07_2022,16:34:01,1012.5,27.0,30.0,28.7,84.0,71.0,77.0,23138.0,1388.0,3.1,151.0,0.0,13.4
29_07_2022,16:34:31,1012.5,27.0,30.0,28.7,84.0,71.0,77.0,23369.0,1402.0,5.6,180.0,0.0,13.3
29_07_2022,16:35:01,1012.5,27.0,30.0,28.7,84.0,71.0,80.0,23607.0,1416.0,1.4,115.0,0.0,13.3
29_07_2022,16:35:31,1012.5,27.0,30.0,28.7,84.0,71.0,81.0,23849.0,1431.0,0.9,141.0,0.0,13.3
29_07_2022,16:36:01,1012.5,27.0,30.0,28.7,84.0,71.0,79.0,24089.0,1445.0,1.4,173.0,0.0,13.3
29_07_2022,16:36:31,1012.5,27.0,30.0,28.7,84.0,71.0,76.0,24321.0,1459.0,1.0,158.0,0.0,13.2
29_07_2022,16:37:01,1012.5,27.0,30.0,28.7,84.0,71.0,72.0,24542.0,1473.0,0.8,153.0,0.0,13.2
29_07_2022,16:37:31,1012.6,27.0,30.0,28.7,84.0,71.0,69.0,24752.0,1485.0,1.2,137.0,0.0,13.2
29_07_2022,16:38:01,1012.6,27.0,30.0,28.7,84.0,71.0,66.0,24954.0,1497.0,0.9,129.0,0.0,13.2
29_07_2022,16:38:31,1012.6,27.0,30.0,28.7,84.0,71.0,63.0,25146.0,1509.0,3.3,155.0,0.0,13.1
29_07_2022,16:39:01,1012.6,27.0,30.0,28.6,84.0,71.0,61.0,25330.0,1520.0,4.4,138.0,0.0,13.1
29_07_2022,16:39:31,1012.6,27.0,30.0,28.6,83.0,71.0,59.0,25508.0,1531.0,2.0,147.0,0.0,13.1
29_07_2022,16:40:01,1012.5,27.0,30.0,28.6,83.0,71.0,57.0,25682.0,1541.0,1.9,116.0,0.0,13.1
29_07_2022,16:40:31,1012.6,27.0,30.0,28.6,83.0,71.0,56.0,25851.0,1551.0,1.6,197.0,0.0,13.0
29_07_2022,16:41:01,1012.6,26.9,30.0,28.6,84.0,71.0,55.0,26018.0,1561.0,1.0,120.0,0.0,13.0
29_07_2022,16:41:31,1012.6,26.9,30.0,28.6,84.0,71.0,55.0,26184.0,1571.0,1.2,106.0,0.0,13.0
29_07_2022,16:42:01,1012.6,26.9,30.0,28.6,84.0,71.0,55.0,26349.0,1581.0,1.3,139.0,0.0,13.0
29_07_2022,16:42:31,1012.6,26.9,30.0,28.6,83.0,71.0,55.0,26515.0,1591.0,0.9,217.0,0.0,13.0
29_07_2022,16:43:01,1012.6,26.9,30.0,28.6,83.0,71.0,55.0,26681.0,1601.0,2.3,163.0,0.0,13.0
29_07_2022,16:43:31,1012.6,26.9,30.0,28.6,83.0,71.0,56.0,26848.0,1611.0,2.2,172.0,0.0,12.9
29_07_2022,16:44:01,1012.6,26.8,30.0,28.6,83.0,71.0,57.0,27017.0,1621.0,2.9,164.0,0.0,12.9
29_07_2022,16:44:31,1012.6,26.8,30.0,28.6,82.0,71.0,57.0,27189.0,1631.0,1.6,243.0,0.0,12.9
29_07_2022,16:45:01,1012.6,26.8,30.0,28.5,81.0,71.0,58.0,27362.0,1642.0,2.4,191.0,0.0,12.9
29_07_2022,16:45:31,1012.6,26.8,30.0,28.5,81.0,71.0,58.0,27536.0,1652.0,3.4,144.0,0.0,12.9
29_07_2022,16:46:01,1012.7,26.8,30.0,28.5,81.0,71.0,57.0,27709.0,1663.0,1.8,149.0,0.0,12.9
29_07_2022,16:46:31,1012.6,26.7,30.0,28.5,81.0,71.0,55.0,27877.0,1673.0,2.9,136.0,0.0,12.8
29_07_2022,16:47:01,1012.6,26.7,30.0,28.5,81.0,71.0,54.0,28040.0,1682.0,3.3,120.0,0.0,12.8
29_07_2022,16:47:31,1012.7,26.7,30.0,28.5,82.0,71.0,53.0,28200.0,1692.0,2.0,85.0,0.0,12.8
29_07_2022,16:48:01,1012.7,26.7,30.0,28.5,82.0,71.0,52.0,28356.0,1701.0,3.6,159.0,0.0,12.8
29_07_2022,16:48:31,1012.7,26.6,30.0,28.5,82.0,71.0,50.0,28508.0,1711.0,1.9,178.0,0.0,12.8
29_07_2022,16:49:01,1012.7,26.6,30.0,28.5,82.0,71.0,50.0,28658.0,1719.0,1.8,197.0,0.0,12.8
29_07_2022,16:49:31,1012.7,26.6,30.0,28.4,82.0,71.0,49.0,28805.0,1728.0,1.6,181.0,0.0,12.8
29_07_2022,16:50:01,1012.7,26.6,30.0,28.4,82.0,71.0,48.0,28951.0,1737.0,1.0,176.0,0.0,12.8
29_07_2022,16:50:31,1012.7,26.6,30.0,28.4,82.0,71.0,47.0,29094.0,1746.0,1.3,104.0,0.0,12.8
29_07_2022,16:51:01,1012.7,26.5,30.0,28.4,82.0,71.0,46.0,29233.0,1754.0,2.5,105.0,0.0,12.8
29_07_2022,16:51:31,1012.7,26.5,30.0,28.4,83.0,71.0,44.0,29367.0,1762.0,1.9,153.0,0.0,12.8
29_07_2022,16:52:01,1012.7,26.5,30.0,28.4,83.0,71.0,43.0,29497.0,1770.0,1.8,147.0,0.0,12.8
29_07_2022,16:52:31,1012.7,26.5,30.0,28.4,83.0,71.0,41.0,29621.0,1777.0,2.0,134.0,0.0,12.8
29_07_2022,16:53:01,1012.7,26.5,30.0,28.4,83.0,71.0,39.0,29740.0,1784.0,2.6,96.0,0.0,12.8
29_07_2022,16:53:31,1012.7,26.5,30.0,28.3,83.0,71.0,38.0,29855.0,1791.0,1.6,170.0,0.0,12.8
29_07_2022,16:54:01,1012.7,26.5,30.0,28.3,83.0,71.0,36.0,29965.0,1798.0,5.4,132.0,0.0,12.8
29_07_2022,16:54:31,1012.7,26.5,30.0,28.3,83.0,71.0,35.0,30072.0,1804.0,5.1,128.0,0.0,12.8
29_07_2022,16:55:01,1012.7,26.5,30.0,28.3,84.0,71.0,33.0,30174.0,1810.0,3.1,148.0,0.0,12.8
29_07_2022,16:55:31,1012.7,26.5,30.0,28.3,84.0,71.0,32.0,30272.0,1816.0,1.9,108.0,0.0,12.8
29_07_2022,16:56:01,1012.7,26.5,30.0,28.3,84.0,71.0,31.0,30365.0,1822.0,1.5,125.0,0.0,12.8
29_07_2022,16:56:31,1012.7,26.5,30.0,28.3,84.0,71.0,30.0,30455.0,1827.0,1.5,126.0,0.0,12.8
29_07_2022,16:57:01,1012.7,26.4,30.0,28.3,85.0,71.0,28.0,30541.0,1832.0,1.5,143.0,0.0,12.8
29_07_2022,16:57:31,1012.7,26.4,30.0,28.2,85.0,71.0,27.0,30624.0,1837.0,1.1,128.0,0.0,12.8
29_07_2022,16:58:01,1012.7,26.4,30.0,28.2,85.0,71.0,26.0,30704.0,1842.0,0.8,190.0,0.0,12.8
29_07_2022,16:58:31,1012.7,26.4,30.0,28.2,85.0,71.0,25.0,30781.0,1847.0,0.9,165.0,0.0,12.8
29_07_2022,16:59:01,1012.7,26.4,30.0,28.2,85.0,71.0,24.0,30854.0,1851.0,0.4,91.0,0.0,12.8
29_07_2022,16:59:31,1012.7,26.4,30.0,28.2,85.0,71.0,23.0,30924.0,1855.0,3.4,164.0,0.0,12.8
29_07_2022,17:00:01,1012.7,26.4,30.0,28.2,85.0,71.0,22.0,30992.0,1860.0,3.4,120.0,0.0,12.8
